{"110.320971,-7.627380:110.384075,-7.488697": {"d": 0.37, "s": 23.74, "ts": 1745725575.556365}, "110.384075,-7.488697:110.320971,-7.627380": {"d": 0.35, "s": 22.39, "ts": 1745725576.352434}, "110.384075,-7.488697:110.501844,-7.498628": {"d": 0.51, "s": 21.94, "ts": 1745725577.18511}, "110.501844,-7.498628:110.320971,-7.627380": {"d": 0.78, "s": 38.24, "ts": 1745725577.964757}, "110.501844,-7.498628:110.422126,-7.592936": {"d": 1.13, "s": 58.84, "ts": 1745725578.7515361}, "110.422126,-7.592936:110.320971,-7.627380": {"d": 0.37, "s": 21.39, "ts": 1745725579.538496}, "110.422126,-7.592936:110.414440,-7.687096": {"d": 0.33, "s": 13.77, "ts": 1745725580.3290792}, "110.414440,-7.687096:110.320971,-7.627380": {"d": 0.29, "s": 20.35, "ts": 1745725581.1350029}, "110.414440,-7.687096:110.371733,-7.824309": {"d": 0.44, "s": 19.47, "ts": 1745725581.9533482}, "110.371733,-7.824309:110.320971,-7.627380": {"d": 0.43, "s": 25.95, "ts": 1745725582.776021}, "110.414440,-7.687096:110.205424,-7.597144": {"d": 0.52, "s": 38.88, "ts": 1745725583.571402}, "110.205424,-7.597144:110.320971,-7.627380": {"d": 0.25, "s": 20.48, "ts": 1745725584.341463}, "110.414440,-7.687096:110.235603,-7.527761": {"d": 0.53, "s": 36.03, "ts": 1745725585.1243362}, "110.235603,-7.527761:110.320971,-7.627380": {"d": 0.25, "s": 17.84, "ts": 1745725585.886848}, "110.320971,-7.627380:110.371733,-7.824309": {"d": 0.43, "s": 25.47, "ts": 1745725586.66063}, "110.371733,-7.824309:110.205424,-7.597144": {"d": 0.65, "s": 44.48, "ts": 1745725587.448699}, "110.205424,-7.597144:110.235603,-7.527761": {"d": 0.23, "s": 11.86, "ts": 1745725588.238593}, "110.320971,-7.627380:110.501844,-7.498628": {"d": 0.8, "s": 39.59, "ts": 1745772681.204423}, "110.320971,-7.627380:110.422126,-7.592936": {"d": 0.35, "s": 20.66, "ts": 1745772682.119582}, "110.320971,-7.627380:110.414440,-7.687096": {"d": 0.29, "s": 19.15, "ts": 1745772682.9190679}, "110.414440,-7.687096:110.384075,-7.488697": {"d": 0.63, "s": 42.04, "ts": 1745772683.7207391}, "110.414440,-7.687096:110.501844,-7.498628": {"d": 0.95, "s": 48.66, "ts": 1745772684.5083818}, "110.414440,-7.687096:110.422126,-7.592936": {"d": 0.33, "s": 14.24, "ts": 1745772685.329152}, "110.422126,-7.592936:110.384075,-7.488697": {"d": 0.7, "s": 43.08, "ts": 1745772686.113965}, "110.422126,-7.592936:110.501844,-7.498628": {"d": 1.14, "s": 58.94, "ts": 1745772688.0582871}, "110.320971,-7.627380:110.205424,-7.597144": {"d": 0.25, "s": 20.58, "ts": 1745772688.906656}, "110.320971,-7.627380:110.235603,-7.527761": {"d": 0.27, "s": 17.73, "ts": 1745772689.703359}, "110.235603,-7.527761:110.371733,-7.824309": {"d": 0.68, "s": 43.25, "ts": 1745772690.4962041}, "110.235603,-7.527761:110.205424,-7.597144": {"d": 0.22, "s": 12.25, "ts": 1745772691.276671}, "110.205424,-7.597144:110.371733,-7.824309": {"d": 0.68, "s": 45.89, "ts": 1745772692.0626292}, "110.343693,-7.735771:110.381505,-7.495361": {"d": 0.55, "s": 36.49, "ts": 1747092533.397131}, "110.381505,-7.495361:110.343693,-7.735771": {"d": 0.55, "s": 36.42, "ts": 1747092533.397154}, "110.343693,-7.735771:115.232522,-8.653801": {"d": 9.35, "s": 707.95, "ts": 1746958832.5932531}, "115.232522,-8.653801:110.343693,-7.735771": {"d": 9.38, "s": 702.84, "ts": 1746958833.7668438}, "110.343693,-7.735771:110.207886,-7.606771": {"d": 0.45, "s": 33.84, "ts": 1747092531.811583}, "110.207886,-7.606771:110.343693,-7.735771": {"d": 0.49, "s": 35.42, "ts": 1747092531.8116102}, "110.381505,-7.495361:110.207886,-7.606771": {"d": 0.41, "s": 27.51, "ts": 1746968318.883731}, "110.381505,-7.495361:110.413692,-7.688382": {"d": 0.69, "s": 42.75, "ts": 1747092533.39716}, "110.413692,-7.688382:110.343693,-7.735771": {"d": 0.34, "s": 14.48, "ts": 1747092533.39714}, "110.413692,-7.688382:110.207886,-7.606771": {"d": 0.59, "s": 39.95, "ts": 1747050316.16766}, "110.343693,-7.735771:110.413692,-7.688382": {"d": 0.34, "s": 14.66, "ts": 1747092533.397116}, "110.413692,-7.688382:110.381505,-7.495361": {"d": 0.69, "s": 42.6, "ts": 1747092533.397147}, "110.381505,-7.495361:115.232522,-8.653801": {"d": 9.29, "s": 696.16, "ts": 1746969596.379338}, "110.207886,-7.606771:110.381505,-7.495361": {"d": 0.43, "s": 27.97, "ts": 1746969607.934716}, "110.413692,-7.688382:110.319949,-7.627003": {"d": 0.36, "s": 21.4, "ts": 1747050316.1676679}, "110.319949,-7.627003:110.343693,-7.735771": {"d": 0.21, "s": 14.82, "ts": 1747092531.811593}, "110.343693,-7.735771:110.319949,-7.627003": {"d": 0.22, "s": 15.29, "ts": 1747092531.811527}, "110.413692,-7.688382:115.232522,-8.653801": {"d": 9.27, "s": 702.62, "ts": 1746972243.526012}, "110.207886,-7.606771:110.319949,-7.627003": {"d": 0.27, "s": 20.6, "ts": 1747092531.8116128}, "110.319949,-7.627003:110.207886,-7.606771": {"d": 0.26, "s": 20.54, "ts": 1747092531.811601}, "110.319949,-7.627003:110.413692,-7.688382": {"d": 0.35, "s": 21.15, "ts": 1747050316.167637}, "110.207886,-7.606771:110.413692,-7.688382": {"d": 0.62, "s": 41.75, "ts": 1747050316.167606}, "110.319949,-7.627003:115.232522,-8.653801": {"d": 9.39, "s": 720.17, "ts": 1747043473.635135}, "110.319949,-7.627003:110.381505,-7.495361": {"d": 0.36, "s": 23.19, "ts": 1747043516.382358}, "110.381505,-7.495361:110.319949,-7.627003": {"d": 0.34, "s": 21.6, "ts": 1747043516.382376}, "110.207886,-7.606771:115.232522,-8.653801": {"d": 9.66, "s": 740.77, "ts": 1747050158.8968132}, "110.343693,-7.735771:110.338271,-7.892722": {"d": 0.36, "s": 22.97, "ts": 1747092313.403738}, "110.338271,-7.892722:110.343693,-7.735771": {"d": 0.37, "s": 23.23, "ts": 1747092313.403769}, "110.207886,-7.606771:110.338271,-7.892722": {"d": 0.79, "s": 58.25, "ts": 1747092312.603157}, "110.319949,-7.627003:110.338271,-7.892722": {"d": 0.52, "s": 37.65, "ts": 1747092312.6031392}, "110.413692,-7.688382:110.338271,-7.892722": {"d": 0.6, "s": 29.14, "ts": 1747092313.403795}, "110.338271,-7.892722:110.207886,-7.606771": {"d": 0.77, "s": 52.93, "ts": 1747092312.603173}, "110.338271,-7.892722:110.319949,-7.627003": {"d": 0.54, "s": 34.38, "ts": 1747092312.603168}, "110.338271,-7.892722:110.413692,-7.688382": {"d": 0.6, "s": 29.51, "ts": 1747092313.403778}, "110.343693,-7.735771:110.111607,-7.834657": {"d": 0.59, "s": 42.1, "ts": 1747073445.1199481}, "110.111607,-7.834657:110.343693,-7.735771": {"d": 0.59, "s": 42.08, "ts": 1747073445.119958}, "110.207886,-7.606771:110.111607,-7.834657": {"d": 0.87, "s": 45.28, "ts": 1747073444.256364}, "110.319949,-7.627003:110.111607,-7.834657": {"d": 0.73, "s": 48.09, "ts": 1747073444.2563782}, "110.338271,-7.892722:110.111607,-7.834657": {"d": 0.63, "s": 37.61, "ts": 1747073445.119955}, "110.111607,-7.834657:110.207886,-7.606771": {"d": 0.86, "s": 44.89, "ts": 1747073444.256387}, "110.111607,-7.834657:110.319949,-7.627003": {"d": 0.74, "s": 48.59, "ts": 1747073444.2563908}, "110.111607,-7.834657:110.338271,-7.892722": {"d": 0.63, "s": 37.5, "ts": 1747073445.119961}, "110.319949,-7.627003:110.223996,-7.450031": {"d": 0.32, "s": 27.05, "ts": 1747085572.570613}, "110.223996,-7.450031:110.343693,-7.735771": {"d": 0.53, "s": 41.45, "ts": 1747089814.803242}, "110.223996,-7.450031:110.217076,-7.477120": {"d": 0.06, "s": 3.56, "ts": 1747089814.803251}, "110.217076,-7.477120:110.343693,-7.735771": {"d": 0.52, "s": 37.95, "ts": 1747089814.8032682}, "110.343693,-7.735771:110.217076,-7.477120": {"d": 0.51, "s": 37.22, "ts": 1747089814.803221}, "110.217076,-7.477120:110.207886,-7.606771": {"d": 0.29, "s": 17.56, "ts": 1747087151.563304}, "110.207886,-7.606771:110.296261,-7.910341": {"d": 0.86, "s": 62.21, "ts": 1747074039.4454799}, "110.296261,-7.910341:110.343693,-7.735771": {"d": 0.43, "s": 25.3, "ts": 1747089815.609291}, "110.296261,-7.910341:110.338271,-7.892722": {"d": 0.11, "s": 5.8, "ts": 1747074022.467572}, "110.413692,-7.688382:110.497185,-7.537139": {"d": 1.08, "s": 46.3, "ts": 1747074023.340204}, "110.497185,-7.537139:110.343693,-7.735771": {"d": 1.16, "s": 61.07, "ts": 1747089815.6093}, "110.497185,-7.537139:110.381505,-7.495361": {"d": 0.67, "s": 29.46, "ts": 1747074025.002692},